,grupo,nivel,comp_destino,comp_especif,sueldo,fmr,c4%,total,media_compl_especif,salario_total
0,A1,22.0,8291.78,18107.460000000003,17049.72,694.96,0.0,44143.920000000006,20933.192,46274.691999999995
1,A1,22.0,8291.78,18642.26,17049.72,694.96,0.0,44678.719999999994,20933.192,46274.691999999995
2,A1,22.0,8291.78,19838.559999999998,17049.72,694.96,0.0,45875.02,20933.192,46274.691999999995
3,A1,22.0,8291.78,20221.600000000002,17049.72,694.96,0.0,46258.060000000005,20933.192,46274.691999999995
4,A1,22.0,8291.78,20619.34,17049.72,694.96,0.0,46655.799999999996,20933.192,46274.691999999995
5,A1,22.0,8291.78,21024.64,17049.72,694.96,0.0,47061.1,20933.192,46274.691999999995
6,A1,22.0,8291.78,21393.399999999998,17049.72,694.96,0.0,47429.85999999999,20933.192,46274.691999999995
7,A1,22.0,8291.78,21800.8,17049.72,694.96,0.0,47837.26,20933.192,46274.691999999995
8,A1,22.0,8291.78,23194.92,17049.72,694.96,0.0,49231.38,20933.192,46274.691999999995
9,A1,22.0,8291.78,24488.940000000002,17049.72,694.96,0.0,50525.4,20933.192,46274.691999999995
10,A1,23.0,8886.5,19832.68,17049.72,694.96,0.0,46463.86,,
11,A1,23.0,8886.5,21877.8,17049.72,694.96,0.0,48508.98,,
12,A1,23.0,8886.5,21991.34,17049.72,694.96,0.0,48622.52,,
13,A1,23.0,8886.5,22526.14,17049.72,694.96,0.0,49157.32,,
14,A1,23.0,8886.5,24464.86,17049.72,694.96,0.0,51096.04,,
15,A1,23.0,8886.5,24514.559999999998,17049.72,694.96,0.0,51145.74,,
16,A1,23.0,8886.5,24531.5,17049.72,694.96,0.0,51162.68,,
17,A1,23.0,8886.5,25054.960000000003,17049.72,694.96,0.0,51686.14000000001,,
18,A1,23.0,8886.5,25104.66,17049.72,694.96,0.0,51735.840000000004,,
19,A1,23.0,8886.5,25135.74,17049.72,694.96,0.0,51766.920000000006,,
20,A1,23.0,8886.5,25161.36,17049.72,694.96,0.0,51792.54,,
21,A1,23.0,8886.5,25178.3,17049.72,694.96,0.0,51809.48,,
22,A1,23.0,8886.5,25456.34,17049.72,694.96,0.0,52087.52,,
23,A1,23.0,8886.5,25713.100000000002,17049.72,694.96,0.0,52344.280000000006,,
24,A1,23.0,8886.5,26103.14,17049.72,694.96,0.0,52734.32,,
25,A1,23.0,8886.5,27093.22,17049.72,694.96,0.0,53724.4,,
26,A1,23.0,8886.5,28263.2,17049.72,694.96,0.0,54894.38,,
27,A1,23.0,8886.5,21824.460000000003,17049.72,694.96,0.0,49049.24,,
28,A1,23.0,8886.5,22554.0,17049.72,694.96,0.0,49778.78,,
29,A1,23.0,8886.5,23034.2,17049.72,694.96,0.0,50258.98,,
30,A1,23.0,8886.5,23765.98,17049.72,694.96,0.0,50990.76,,
31,A1,23.0,8886.5,27269.48,17049.72,694.96,0.0,54494.26,,
32,A1,23.0,8886.5,27916.28,17049.72,694.96,0.0,55141.06,,
33,A1,23.0,8886.5,28451.08,17049.72,694.96,0.0,55675.86,,
34,A1,23.0,8886.5,28733.46,17049.72,694.96,0.0,55958.24,,
35,A1,23.0,8886.5,28808.079999999998,17049.72,694.96,0.0,56032.85999999999,,
36,A1,23.0,8886.5,28947.38,17049.72,694.96,0.0,56172.159999999996,,
37,A1,23.0,8886.5,29268.260000000002,17049.72,694.96,0.0,56493.04,,
38,A1,23.0,8886.5,29380.260000000002,17049.72,694.96,0.0,56605.04,,
39,A1,23.0,8886.5,29805.019999999997,17049.72,694.96,0.0,57029.799999999996,,
40,A1,23.0,8886.5,29915.059999999998,17049.72,694.96,0.0,57139.84,,
41,A1,23.0,8886.5,30451.82,17049.72,694.96,0.0,57676.6,,
42,A1,23.0,8886.5,30659.859999999997,17049.72,694.96,0.0,57884.63999999999,,
43,A1,23.0,8886.5,31001.18,17049.72,694.96,0.0,58225.96,,
44,A1,23.0,8886.5,31330.18,17049.72,694.96,0.0,58554.96,,
45,A1,23.0,8886.5,31679.899999999998,17049.72,694.96,0.0,58904.68,,
46,A1,23.0,8886.5,31702.859999999997,17049.72,694.96,0.0,58927.63999999999,,
47,A1,23.0,8886.5,31916.5,17049.72,694.96,0.0,59141.28,,
48,A1,23.0,8886.5,32372.62,17049.72,694.96,0.0,59597.4,,
49,A1,23.0,8886.5,32465.16,17049.72,694.96,0.0,59689.939999999995,,
50,A1,23.0,8886.5,32613.559999999998,17049.72,694.96,0.0,59838.34,,
51,A1,23.0,8886.5,34818.84,17049.72,694.96,0.0,62043.619999999995,,
52,A1,23.0,8886.5,36744.96,17049.72,694.96,0.0,63969.74,,
53,A1,23.0,8886.5,38809.68,17049.72,694.96,0.0,66034.46,,
54,A1,23.0,8886.5,39268.46,17049.72,694.96,0.0,66493.24,,
55,A1,23.0,8886.5,39853.380000000005,17049.72,694.96,0.0,67078.16000000002,,
56,A1,25.0,10074.4,35468.579999999994,17049.72,694.96,0.0,63287.659999999996,41138.76666666667,68262.88666666667
57,A1,25.0,10074.4,43672.86,17049.72,694.96,0.0,71491.94000000002,41138.76666666667,68262.88666666667
58,A1,25.0,10074.4,44274.86,17049.72,694.96,0.0,72093.94000000002,41138.76666666667,68262.88666666667
59,A1,26.0,11355.12,25074.42,17049.72,694.96,0.0,54174.22,34134.77487179488,62539.61487179488
60,A1,26.0,11355.12,25831.960000000003,17049.72,694.96,0.0,54931.76,34134.77487179488,62539.61487179488
61,A1,26.0,11355.12,27660.22,17049.72,694.96,0.0,56760.020000000004,34134.77487179488,62539.61487179488
62,A1,26.0,11355.12,29169.28,17049.72,694.96,0.0,58269.08,34134.77487179488,62539.61487179488
63,A1,26.0,11355.12,29759.38,17049.72,694.96,0.0,58859.18,34134.77487179488,62539.61487179488
64,A1,26.0,11355.12,29816.079999999998,17049.72,694.96,0.0,58915.88,34134.77487179488,62539.61487179488
65,A1,26.0,11355.12,29925.980000000003,17049.72,694.96,0.0,59025.780000000006,34134.77487179488,62539.61487179488
66,A1,26.0,11355.12,30147.46,17049.72,694.96,0.0,59247.26,34134.77487179488,62539.61487179488
67,A1,26.0,11355.12,30160.899999999998,17049.72,694.96,0.0,59260.700000000004,34134.77487179488,62539.61487179488
68,A1,26.0,11355.12,30223.760000000002,17049.72,694.96,0.0,59323.560000000005,34134.77487179488,62539.61487179488
69,A1,26.0,11355.12,30633.399999999998,17049.72,694.96,0.0,59733.200000000004,34134.77487179488,62539.61487179488
70,A1,26.0,11355.12,30870.559999999998,17049.72,694.96,0.0,59970.36,34134.77487179488,62539.61487179488
71,A1,26.0,11355.12,31044.16,17049.72,694.96,0.0,60143.96,34134.77487179488,62539.61487179488
72,A1,26.0,11355.12,31578.96,17049.72,694.96,0.0,60678.76,34134.77487179488,62539.61487179488
73,A1,26.0,11355.12,31634.260000000002,17049.72,694.96,0.0,60734.060000000005,34134.77487179488,62539.61487179488
74,A1,26.0,11355.12,31659.600000000002,17049.72,694.96,0.0,60759.4,34134.77487179488,62539.61487179488
75,A1,26.0,11355.12,31681.16,17049.72,694.96,0.0,60780.96,34134.77487179488,62539.61487179488
76,A1,26.0,11355.12,32035.78,17049.72,694.96,0.0,61135.58,34134.77487179488,62539.61487179488
77,A1,26.0,11355.12,32098.640000000003,17049.72,694.96,0.0,61198.44000000001,34134.77487179488,62539.61487179488
78,A1,26.0,11355.12,32194.399999999998,17049.72,694.96,0.0,61294.200000000004,34134.77487179488,62539.61487179488
79,A1,26.0,11355.12,32508.28,17049.72,694.96,0.0,61608.08,34134.77487179488,62539.61487179488
80,A1,26.0,11355.12,32646.600000000002,17049.72,694.96,0.0,61746.4,34134.77487179488,62539.61487179488
81,A1,26.0,11355.12,32651.22,17049.72,694.96,0.0,61751.020000000004,34134.77487179488,62539.61487179488
82,A1,26.0,11355.12,32900.98,17049.72,694.96,0.0,62000.780000000006,34134.77487179488,62539.61487179488
83,A1,26.0,11355.12,33104.54,17049.72,694.96,0.0,62204.340000000004,34134.77487179488,62539.61487179488
84,A1,26.0,11355.12,33214.44,17049.72,694.96,0.0,62314.240000000005,34134.77487179488,62539.61487179488
85,A1,26.0,11355.12,33499.9,17049.72,694.96,0.0,62599.700000000004,34134.77487179488,62539.61487179488
86,A1,26.0,11355.12,34281.52,17049.72,694.96,0.0,63381.32,34134.77487179488,62539.61487179488
87,A1,26.0,11355.12,34408.22,17049.72,694.96,0.0,63508.020000000004,34134.77487179488,62539.61487179488
88,A1,26.0,11355.12,34443.36,17049.72,694.96,0.0,63543.16,34134.77487179488,62539.61487179488
89,A1,26.0,11355.12,34652.66,17049.72,694.96,0.0,63752.46000000001,34134.77487179488,62539.61487179488
90,A1,26.0,11355.12,35120.68,17049.72,694.96,0.0,64220.48,34134.77487179488,62539.61487179488
91,A1,26.0,11355.12,36954.68,17049.72,694.96,0.0,66054.48000000001,34134.77487179488,62539.61487179488
92,A1,26.0,11355.12,37401.420000000006,17049.72,694.96,0.0,66501.22000000002,34134.77487179488,62539.61487179488
93,A1,26.0,11355.12,39446.26,17049.72,694.96,0.0,68546.06000000001,34134.77487179488,62539.61487179488
94,A1,26.0,11355.12,45051.579999999994,17049.72,694.96,0.0,74151.38,34134.77487179488,62539.61487179488
95,A1,26.0,11355.12,47912.76,17049.72,694.96,0.0,77012.56000000001,34134.77487179488,62539.61487179488
96,A1,26.0,11355.12,56905.1,17049.72,694.96,0.0,86004.90000000001,34134.77487179488,62539.61487179488
97,A1,26.0,11355.12,60951.659999999996,17049.72,694.96,0.0,90051.46,34134.77487179488,62539.61487179488
98,A1,27.0,12942.72,37433.76,17049.72,694.96,0.0,68121.16000000002,52457.95333333333,82450.39333333334
99,A1,27.0,12942.72,53450.6,17049.72,694.96,0.0,84138.00000000001,52457.95333333333,82450.39333333334
100,A1,27.0,12942.72,66489.5,17049.72,694.96,0.0,97176.90000000001,52457.95333333333,82450.39333333334
101,A1,28.0,13537.44,27860.28,17049.72,694.96,0.0,59142.4,38217.38666666667,68804.54666666668
102,A1,28.0,13537.44,29741.46,17049.72,694.96,0.0,61023.58,38217.38666666667,68804.54666666668
103,A1,28.0,13537.44,30023.28,17049.72,694.96,0.0,61305.4,38217.38666666667,68804.54666666668
104,A1,28.0,13537.44,30257.78,17049.72,694.96,0.0,61539.9,38217.38666666667,68804.54666666668
105,A1,28.0,13537.44,30670.079999999998,17049.72,694.96,0.0,61952.200000000004,38217.38666666667,68804.54666666668
106,A1,28.0,13537.44,32769.66,17049.72,694.96,0.0,64051.780000000006,38217.38666666667,68804.54666666668
107,A1,28.0,13537.44,33514.6,17049.72,694.96,0.0,64796.72,38217.38666666667,68804.54666666668
108,A1,28.0,13537.44,33666.78,17049.72,694.96,0.0,64948.9,38217.38666666667,68804.54666666668
109,A1,28.0,13537.44,33749.1,17049.72,694.96,0.0,65031.22,38217.38666666667,68804.54666666668
110,A1,28.0,13537.44,34139.84,17049.72,694.96,0.0,65421.96,38217.38666666667,68804.54666666668
111,A1,28.0,13537.44,34408.22,17049.72,694.96,0.0,65690.34000000001,38217.38666666667,68804.54666666668
112,A1,28.0,13537.44,36834.0,17049.72,694.96,0.0,68116.12000000001,38217.38666666667,68804.54666666668
113,A1,28.0,13537.44,37367.96,17049.72,694.96,0.0,68650.08,38217.38666666667,68804.54666666668
114,A1,28.0,13537.44,40859.56,17049.72,694.96,0.0,72141.68000000001,38217.38666666667,68804.54666666668
115,A1,28.0,13537.44,42379.26,17049.72,694.96,0.0,73661.38000000002,38217.38666666667,68804.54666666668
116,A1,28.0,13537.44,46191.880000000005,17049.72,694.96,0.0,77474.00000000001,38217.38666666667,68804.54666666668
117,A1,28.0,13537.44,65207.799999999996,17049.72,694.96,0.0,96489.92,38217.38666666667,68804.54666666668
118,A1,28.0,13537.44,68271.42,17049.72,694.96,0.0,99553.54000000001,38217.38666666667,68804.54666666668
119,A1,29.0,14131.32,39566.380000000005,17049.72,694.96,0.0,71442.38000000002,54396.456470588244,85577.49647058824
120,A1,29.0,14131.32,43057.700000000004,17049.72,694.96,0.0,74933.70000000001,54396.456470588244,85577.49647058824
121,A1,29.0,14131.32,43057.84,17049.72,694.96,0.0,74933.84000000001,54396.456470588244,85577.49647058824
122,A1,29.0,14131.32,50168.16,17049.72,694.96,0.0,82044.16000000002,54396.456470588244,85577.49647058824
123,A1,29.0,14131.32,51602.46,17049.72,694.96,0.0,83478.46,54396.456470588244,85577.49647058824
124,A1,29.0,14131.32,70918.96,17049.72,694.96,0.0,102794.96,54396.456470588244,85577.49647058824
125,A1,29.0,14131.32,42441.700000000004,17049.72,694.96,0.0,75941.28000000001,54396.456470588244,85577.49647058824
126,A1,29.0,14131.32,44556.82,17049.72,694.96,0.0,78056.40000000001,54396.456470588244,85577.49647058824
127,A1,29.0,14131.32,48408.079999999994,17049.72,694.96,0.0,81907.65999999999,54396.456470588244,85577.49647058824
128,A1,29.0,14131.32,49023.52,17049.72,694.96,0.0,82523.09999999999,54396.456470588244,85577.49647058824
129,A1,29.0,14131.32,52762.36,17049.72,694.96,0.0,86261.94,54396.456470588244,85577.49647058824
130,A1,29.0,14131.32,60678.659999999996,17049.72,694.96,0.0,94178.24,54396.456470588244,85577.49647058824
131,A1,29.0,14131.32,60678.799999999996,17049.72,694.96,0.0,94178.37999999999,54396.456470588244,85577.49647058824
132,A1,29.0,14131.32,60678.94,17049.72,694.96,0.0,94178.52,54396.456470588244,85577.49647058824
133,A1,29.0,14131.32,65126.74,17049.72,694.96,0.0,98626.31999999999,54396.456470588244,85577.49647058824
134,A1,29.0,14131.32,69824.02,17049.72,694.96,0.0,103323.6,54396.456470588244,85577.49647058824
135,A1,29.0,14131.32,72188.62,17049.72,694.96,0.0,105688.2,54396.456470588244,85577.49647058824
136,A2,18.0,6420.96,14721.0,14992.66,694.96,0.0,36829.579999999994,15810.62,37224.24
137,A2,18.0,6420.96,16900.24,14992.66,694.96,0.0,39008.82,15810.62,37224.24
138,A2,20.0,7151.06,14393.539999999999,14992.66,694.96,0.0,37232.22,17941.396666666664,40085.11666666667
139,A2,20.0,7151.06,14753.34,14992.66,694.96,0.0,37592.02,17941.396666666664,40085.11666666667
140,A2,20.0,7151.06,17265.22,14992.66,694.96,0.0,40103.9,17941.396666666664,40085.11666666667
141,A2,20.0,7151.06,18056.36,14992.66,694.96,0.0,40895.04,17941.396666666664,40085.11666666667
142,A2,20.0,7151.06,18938.78,14992.66,694.96,0.0,41777.46,17941.396666666664,40085.11666666667
143,A2,20.0,7151.06,24241.14,14992.66,694.96,0.0,47079.82,17941.396666666664,40085.11666666667
144,A2,22.0,8291.78,14804.44,14992.66,694.96,0.0,38783.84,19566.500930232563,42850.940930232566
145,A2,22.0,8291.78,15339.240000000002,14992.66,694.96,0.0,39318.64,19566.500930232563,42850.940930232566
146,A2,22.0,8291.78,15419.880000000001,14992.66,694.96,0.0,39399.28,19566.500930232563,42850.940930232566
147,A2,22.0,8291.78,15580.600000000002,14992.66,694.96,0.0,39560.0,19566.500930232563,42850.940930232566
148,A2,22.0,8291.78,15648.36,14992.66,694.96,0.0,39627.76,19566.500930232563,42850.940930232566
149,A2,22.0,8291.78,15736.42,14992.66,694.96,0.0,39715.82,19566.500930232563,42850.940930232566
150,A2,22.0,8291.78,15747.34,14992.66,694.96,0.0,39726.74,19566.500930232563,42850.940930232566
151,A2,22.0,8291.78,16080.960000000001,14992.66,694.96,0.0,40060.36,19566.500930232563,42850.940930232566
152,A2,22.0,8291.78,16104.759999999998,14992.66,694.96,0.0,40084.159999999996,19566.500930232563,42850.940930232566
153,A2,22.0,8291.78,16271.220000000001,14992.66,694.96,0.0,40250.62,19566.500930232563,42850.940930232566
154,A2,22.0,8291.78,16359.279999999999,14992.66,694.96,0.0,40338.68,19566.500930232563,42850.940930232566
155,A2,22.0,8291.78,16663.36,14992.66,694.96,0.0,40642.76,19566.500930232563,42850.940930232566
156,A2,22.0,8291.78,16880.92,14992.66,694.96,0.0,40860.32,19566.500930232563,42850.940930232566
157,A2,22.0,8291.78,16974.72,14992.66,694.96,0.0,40954.12,19566.500930232563,42850.940930232566
158,A2,22.0,8291.78,17065.72,14992.66,694.96,0.0,41045.12,19566.500930232563,42850.940930232566
159,A2,22.0,8291.78,17112.48,14992.66,694.96,0.0,41091.88,19566.500930232563,42850.940930232566
160,A2,22.0,8291.78,17200.539999999997,14992.66,694.96,0.0,41179.939999999995,19566.500930232563,42850.940930232566
161,A2,22.0,8291.78,17415.72,14992.66,694.96,0.0,41395.12,19566.500930232563,42850.940930232566
162,A2,22.0,8291.78,17600.52,14992.66,694.96,0.0,41579.92,19566.500930232563,42850.940930232566
163,A2,22.0,8291.78,17657.08,14992.66,694.96,0.0,41636.48,19566.500930232563,42850.940930232566
164,A2,22.0,8291.78,17681.16,14992.66,694.96,0.0,41660.56,19566.500930232563,42850.940930232566
165,A2,22.0,8291.78,18031.16,14992.66,694.96,0.0,42010.56,19566.500930232563,42850.940930232566
166,A2,22.0,8291.78,18107.460000000003,14992.66,694.96,0.0,42086.86,19566.500930232563,42850.940930232566
167,A2,22.0,8291.78,18259.22,14992.66,694.96,0.0,42238.62,19566.500930232563,42850.940930232566
168,A2,22.0,8291.78,18529.84,14992.66,694.96,0.0,42509.24,19566.500930232563,42850.940930232566
169,A2,22.0,8291.78,18616.64,14992.66,694.96,0.0,42596.04,19566.500930232563,42850.940930232566
170,A2,22.0,8291.78,19051.2,14992.66,694.96,0.0,43030.6,19566.500930232563,42850.940930232566
171,A2,22.0,8291.78,19064.64,14992.66,694.96,0.0,43044.04,19566.500930232563,42850.940930232566
172,A2,22.0,8291.78,19244.960000000003,14992.66,694.96,0.0,43224.36,19566.500930232563,42850.940930232566
173,A2,22.0,8291.78,19963.02,14992.66,694.96,0.0,43942.42,19566.500930232563,42850.940930232566
174,A2,22.0,8291.78,20143.76,14992.66,694.96,0.0,44123.159999999996,19566.500930232563,42850.940930232566
175,A2,22.0,8291.78,20731.76,14992.66,694.96,0.0,44711.159999999996,19566.500930232563,42850.940930232566
176,A2,22.0,8291.78,23921.38,14992.66,694.96,0.0,47900.78,19566.500930232563,42850.940930232566
177,A2,22.0,8291.78,24208.8,14992.66,694.96,0.0,48188.2,19566.500930232563,42850.940930232566
178,A2,22.0,8291.78,24294.059999999998,14992.66,694.96,0.0,48273.46,19566.500930232563,42850.940930232566
179,A2,22.0,8291.78,24317.58,14992.66,694.96,0.0,48296.98,19566.500930232563,42850.940930232566
180,A2,22.0,8291.78,24334.38,14992.66,694.96,0.0,48313.78,19566.500930232563,42850.940930232566
181,A2,22.0,8291.78,24488.940000000002,14992.66,694.96,0.0,48468.340000000004,19566.500930232563,42850.940930232566
182,A2,22.0,8291.78,24964.38,14992.66,694.96,0.0,48943.78,19566.500930232563,42850.940930232566
183,A2,22.0,8291.78,25135.74,14992.66,694.96,0.0,49115.14,19566.500930232563,42850.940930232566
184,A2,22.0,8291.78,28367.78,14992.66,694.96,0.0,52347.18,19566.500930232563,42850.940930232566
185,A2,22.0,8291.78,30840.18,14992.66,694.96,0.0,54819.579999999994,19566.500930232563,42850.940930232566
186,A2,22.0,8291.78,31397.940000000002,14992.66,694.96,0.0,55377.340000000004,19566.500930232563,42850.940930232566
187,A2,23.0,8886.5,17092.18,14992.66,694.96,0.0,41666.299999999996,24076.330526315793,47955.49052631579
188,A2,23.0,8886.5,17707.62,14992.66,694.96,0.0,42281.74,24076.330526315793,47955.49052631579
189,A2,23.0,8886.5,20143.76,14992.66,694.96,0.0,44717.88,24076.330526315793,47955.49052631579
190,A2,23.0,8886.5,21877.8,14992.66,694.96,0.0,46451.92,24076.330526315793,47955.49052631579
191,A2,23.0,8886.5,21991.34,14992.66,694.96,0.0,46565.46,24076.330526315793,47955.49052631579
192,A2,23.0,8886.5,24464.86,14992.66,694.96,0.0,49038.98,24076.330526315793,47955.49052631579
193,A2,23.0,8886.5,24514.559999999998,14992.66,694.96,0.0,49088.68,24076.330526315793,47955.49052631579
194,A2,23.0,8886.5,24531.5,14992.66,694.96,0.0,49105.62,24076.330526315793,47955.49052631579
195,A2,23.0,8886.5,25054.960000000003,14992.66,694.96,0.0,49629.08,24076.330526315793,47955.49052631579
196,A2,23.0,8886.5,25104.66,14992.66,694.96,0.0,49678.78,24076.330526315793,47955.49052631579
197,A2,23.0,8886.5,25135.74,14992.66,694.96,0.0,49709.86,24076.330526315793,47955.49052631579
198,A2,23.0,8886.5,25161.36,14992.66,694.96,0.0,49735.48,24076.330526315793,47955.49052631579
199,A2,23.0,8886.5,25178.3,14992.66,694.96,0.0,49752.42,24076.330526315793,47955.49052631579
200,A2,23.0,8886.5,25456.34,14992.66,694.96,0.0,50030.46,24076.330526315793,47955.49052631579
201,A2,23.0,8886.5,25713.100000000002,14992.66,694.96,0.0,50287.22,24076.330526315793,47955.49052631579
202,A2,23.0,8886.5,26103.14,14992.66,694.96,0.0,50677.26,24076.330526315793,47955.49052631579
203,A2,23.0,8886.5,26862.64,14992.66,694.96,0.0,51436.76,24076.330526315793,47955.49052631579
204,A2,23.0,8886.5,27093.22,14992.66,694.96,0.0,51667.340000000004,24076.330526315793,47955.49052631579
205,A2,23.0,8886.5,28263.2,14992.66,694.96,0.0,52837.32,24076.330526315793,47955.49052631579
206,A2,24.0,9480.1,17377.22,14992.66,694.96,0.0,42544.94,29759.593888888892,54232.353888888894
207,A2,24.0,9480.1,18562.460000000003,14992.66,694.96,0.0,43730.18,29759.593888888892,54232.353888888894
208,A2,24.0,9480.1,18573.66,14992.66,694.96,0.0,43741.38,29759.593888888892,54232.353888888894
209,A2,24.0,9480.1,21074.34,14992.66,694.96,0.0,46242.060000000005,29759.593888888892,54232.353888888894
210,A2,24.0,9480.1,22954.960000000003,14992.66,694.96,0.0,48122.68,29759.593888888892,54232.353888888894
211,A2,24.0,9480.1,23318.399999999998,14992.66,694.96,0.0,48486.12,29759.593888888892,54232.353888888894
212,A2,24.0,9480.1,25466.84,14992.66,694.96,0.0,50634.560000000005,29759.593888888892,54232.353888888894
213,A2,24.0,9480.1,25655.0,14992.66,694.96,0.0,50822.72,29759.593888888892,54232.353888888894
214,A2,24.0,9480.1,26641.440000000002,14992.66,694.96,0.0,51809.16,29759.593888888892,54232.353888888894
215,A2,24.0,9480.1,27269.48,14992.66,694.96,0.0,52437.200000000004,29759.593888888892,54232.353888888894
216,A2,24.0,9480.1,27755.7,14992.66,694.96,0.0,52923.420000000006,29759.593888888892,54232.353888888894
217,A2,24.0,9480.1,27916.28,14992.66,694.96,0.0,53084.0,29759.593888888892,54232.353888888894
218,A2,24.0,9480.1,28451.08,14992.66,694.96,0.0,53618.8,29759.593888888892,54232.353888888894
219,A2,24.0,9480.1,28536.059999999998,14992.66,694.96,0.0,53703.78,29759.593888888892,54232.353888888894
220,A2,24.0,9480.1,28733.46,14992.66,694.96,0.0,53901.18,29759.593888888892,54232.353888888894
221,A2,24.0,9480.1,28947.38,14992.66,694.96,0.0,54115.1,29759.593888888892,54232.353888888894
222,A2,24.0,9480.1,29056.579999999998,14992.66,694.96,0.0,54224.299999999996,29759.593888888892,54232.353888888894
223,A2,24.0,9480.1,29268.260000000002,14992.66,694.96,0.0,54435.98,29759.593888888892,54232.353888888894
224,A2,24.0,9480.1,29380.260000000002,14992.66,694.96,0.0,54547.98,29759.593888888892,54232.353888888894
225,A2,24.0,9480.1,29805.019999999997,14992.66,694.96,0.0,54972.74,29759.593888888892,54232.353888888894
226,A2,24.0,9480.1,29915.059999999998,14992.66,694.96,0.0,55082.78,29759.593888888892,54232.353888888894
227,A2,24.0,9480.1,30451.82,14992.66,694.96,0.0,55619.54,29759.593888888892,54232.353888888894
228,A2,24.0,9480.1,30659.859999999997,14992.66,694.96,0.0,55827.579999999994,29759.593888888892,54232.353888888894
229,A2,24.0,9480.1,31001.18,14992.66,694.96,0.0,56168.9,29759.593888888892,54232.353888888894
230,A2,24.0,9480.1,31679.899999999998,14992.66,694.96,0.0,56847.62,29759.593888888892,54232.353888888894
231,A2,24.0,9480.1,32372.62,14992.66,694.96,0.0,57540.340000000004,29759.593888888892,54232.353888888894
232,A2,24.0,9480.1,32465.16,14992.66,694.96,0.0,57632.88,29759.593888888892,54232.353888888894
233,A2,24.0,9480.1,32613.559999999998,14992.66,694.96,0.0,57781.28,29759.593888888892,54232.353888888894
234,A2,24.0,9480.1,33159.420000000006,14992.66,694.96,0.0,58327.14000000001,29759.593888888892,54232.353888888894
235,A2,24.0,9480.1,34818.84,14992.66,694.96,0.0,59986.56,29759.593888888892,54232.353888888894
236,A2,24.0,9480.1,36103.619999999995,14992.66,694.96,0.0,61271.34,29759.593888888892,54232.353888888894
237,A2,24.0,9480.1,36164.1,14992.66,694.96,0.0,61331.82,29759.593888888892,54232.353888888894
238,A2,24.0,9480.1,36734.880000000005,14992.66,694.96,0.0,61902.600000000006,29759.593888888892,54232.353888888894
239,A2,24.0,9480.1,38809.68,14992.66,694.96,0.0,63977.4,29759.593888888892,54232.353888888894
240,A2,24.0,9480.1,43657.6,14992.66,694.96,0.0,68825.32,29759.593888888892,54232.353888888894
241,A2,24.0,9480.1,45994.200000000004,14992.66,694.96,0.0,71161.92000000001,29759.593888888892,54232.353888888894
242,A2,26.0,11355.12,28621.600000000002,14992.66,694.96,0.0,55664.340000000004,32744.164444444443,59091.94444444444
243,A2,26.0,11355.12,29169.28,14992.66,694.96,0.0,56212.02,32744.164444444443,59091.94444444444
244,A2,26.0,11355.12,29759.38,14992.66,694.96,0.0,56802.12,32744.164444444443,59091.94444444444
245,A2,26.0,11355.12,29816.079999999998,14992.66,694.96,0.0,56858.82,32744.164444444443,59091.94444444444
246,A2,26.0,11355.12,29925.980000000003,14992.66,694.96,0.0,56968.72,32744.164444444443,59091.94444444444
247,A2,26.0,11355.12,29975.96,14992.66,694.96,0.0,57018.7,32744.164444444443,59091.94444444444
248,A2,26.0,11355.12,30160.899999999998,14992.66,694.96,0.0,57203.63999999999,32744.164444444443,59091.94444444444
249,A2,26.0,11355.12,30223.760000000002,14992.66,694.96,0.0,57266.5,32744.164444444443,59091.94444444444
250,A2,26.0,11355.12,30633.399999999998,14992.66,694.96,0.0,57676.13999999999,32744.164444444443,59091.94444444444
251,A2,26.0,11355.12,30870.559999999998,14992.66,694.96,0.0,57913.299999999996,32744.164444444443,59091.94444444444
252,A2,26.0,11355.12,31044.16,14992.66,694.96,0.0,58086.9,32744.164444444443,59091.94444444444
253,A2,26.0,11355.12,31578.96,14992.66,694.96,0.0,58621.7,32744.164444444443,59091.94444444444
254,A2,26.0,11355.12,31634.260000000002,14992.66,694.96,0.0,58677.0,32744.164444444443,59091.94444444444
255,A2,26.0,11355.12,31659.600000000002,14992.66,694.96,0.0,58702.340000000004,32744.164444444443,59091.94444444444
256,A2,26.0,11355.12,31681.16,14992.66,694.96,0.0,58723.9,32744.164444444443,59091.94444444444
257,A2,26.0,11355.12,32035.78,14992.66,694.96,0.0,59078.52,32744.164444444443,59091.94444444444
258,A2,26.0,11355.12,32098.640000000003,14992.66,694.96,0.0,59141.38,32744.164444444443,59091.94444444444
259,A2,26.0,11355.12,32194.399999999998,14992.66,694.96,0.0,59237.13999999999,32744.164444444443,59091.94444444444
260,A2,26.0,11355.12,32508.28,14992.66,694.96,0.0,59551.02,32744.164444444443,59091.94444444444
261,A2,26.0,11355.12,32646.600000000002,14992.66,694.96,0.0,59689.340000000004,32744.164444444443,59091.94444444444
262,A2,26.0,11355.12,32651.22,14992.66,694.96,0.0,59693.96,32744.164444444443,59091.94444444444
263,A2,26.0,11355.12,32900.98,14992.66,694.96,0.0,59943.72,32744.164444444443,59091.94444444444
264,A2,26.0,11355.12,33104.54,14992.66,694.96,0.0,60147.28,32744.164444444443,59091.94444444444
265,A2,26.0,11355.12,33214.44,14992.66,694.96,0.0,60257.18,32744.164444444443,59091.94444444444
266,A2,26.0,11355.12,33448.94,14992.66,694.96,0.0,60491.68,32744.164444444443,59091.94444444444
267,A2,26.0,11355.12,33499.9,14992.66,694.96,0.0,60542.64,32744.164444444443,59091.94444444444
268,A2,26.0,11355.12,34408.22,14992.66,694.96,0.0,61450.96,32744.164444444443,59091.94444444444
269,A2,26.0,11355.12,34443.36,14992.66,694.96,0.0,61486.1,32744.164444444443,59091.94444444444
270,A2,26.0,11355.12,34600.299999999996,14992.66,694.96,0.0,61643.03999999999,32744.164444444443,59091.94444444444
271,A2,26.0,11355.12,34652.66,14992.66,694.96,0.0,61695.4,32744.164444444443,59091.94444444444
272,A2,26.0,11355.12,35120.68,14992.66,694.96,0.0,62163.42,32744.164444444443,59091.94444444444
273,A2,26.0,11355.12,36600.34,14992.66,694.96,0.0,63643.079999999994,32744.164444444443,59091.94444444444
274,A2,26.0,11355.12,36954.68,14992.66,694.96,0.0,63997.42,32744.164444444443,59091.94444444444
275,A2,26.0,11355.12,37401.420000000006,14992.66,694.96,0.0,64444.16,32744.164444444443,59091.94444444444
276,A2,26.0,11355.12,38103.24,14992.66,694.96,0.0,65145.979999999996,32744.164444444443,59091.94444444444
277,A2,26.0,11355.12,39446.26,14992.66,694.96,0.0,66489.00000000001,32744.164444444443,59091.94444444444
278,C1,16.0,5691.28,9508.519999999999,11482.74,694.96,0.0,27377.5,13349.199999999999,30523.22
279,C1,16.0,5691.28,9680.16,11482.74,694.96,0.0,27549.14,13349.199999999999,30523.22
280,C1,16.0,5691.28,10043.32,11482.74,694.96,0.0,27912.3,13349.199999999999,30523.22
281,C1,16.0,5691.28,10214.96,11482.74,694.96,0.0,28083.94,13349.199999999999,30523.22
282,C1,16.0,5691.28,10295.6,11482.74,694.96,0.0,28164.58,13349.199999999999,30523.22
283,C1,16.0,5691.28,10384.92,11482.74,694.96,0.0,28253.9,13349.199999999999,30523.22
284,C1,16.0,5691.28,10919.44,11482.74,694.96,0.0,28788.42,13349.199999999999,30523.22
285,C1,16.0,5691.28,10968.16,11482.74,694.96,0.0,28837.14,13349.199999999999,30523.22
286,C1,16.0,5691.28,11251.24,11482.74,694.96,0.0,29120.22,13349.199999999999,30523.22
287,C1,16.0,5691.28,11687.76,11482.74,694.96,0.0,29556.739999999998,13349.199999999999,30523.22
288,C1,16.0,5691.28,12896.800000000001,11482.74,694.96,0.0,30765.78,13349.199999999999,30523.22
289,C1,16.0,5691.28,13479.9,11482.74,694.96,0.0,31348.879999999997,13349.199999999999,30523.22
290,C1,16.0,5691.28,24541.02,11482.74,694.96,0.0,42410.0,13349.199999999999,30523.22
291,C1,16.0,5691.28,31017.0,11482.74,694.96,0.0,48885.98,13349.199999999999,30523.22
292,C1,17.0,6055.56,9442.44,11482.74,694.96,0.0,27675.699999999997,12854.52,30392.82
293,C1,17.0,6055.56,9912.84,11482.74,694.96,0.0,28146.1,12854.52,30392.82
294,C1,17.0,6055.56,10384.92,11482.74,694.96,0.0,28618.18,12854.52,30392.82
295,C1,17.0,6055.56,10447.64,11482.74,694.96,0.0,28680.899999999998,12854.52,30392.82
296,C1,17.0,6055.56,13108.62,11482.74,694.96,0.0,31341.879999999997,12854.52,30392.82
297,C1,17.0,6055.56,13143.06,11482.74,694.96,0.0,31376.32,12854.52,30392.82
298,C1,17.0,6055.56,17299.940000000002,11482.74,694.96,0.0,35533.200000000004,12854.52,30392.82
299,C1,17.0,6055.56,19096.7,11482.74,694.96,0.0,37329.96,12854.52,30392.82
300,C1,18.0,6420.96,9508.519999999999,11482.74,694.96,0.0,28107.18,16165.449999999999,34069.15
301,C1,18.0,6420.96,9540.720000000001,11482.74,694.96,0.0,28139.38,16165.449999999999,34069.15
302,C1,18.0,6420.96,9544.36,11482.74,694.96,0.0,28143.02,16165.449999999999,34069.15
303,C1,18.0,6420.96,10043.32,11482.74,694.96,0.0,28641.98,16165.449999999999,34069.15
304,C1,18.0,6420.96,10075.519999999999,11482.74,694.96,0.0,28674.18,16165.449999999999,34069.15
305,C1,18.0,6420.96,10384.92,11482.74,694.96,0.0,28983.58,16165.449999999999,34069.15
306,C1,18.0,6420.96,10451.279999999999,11482.74,694.96,0.0,29049.94,16165.449999999999,34069.15
307,C1,18.0,6420.96,10819.480000000001,11482.74,694.96,0.0,29418.14,16165.449999999999,34069.15
308,C1,18.0,6420.96,10951.92,11482.74,694.96,0.0,29550.58,16165.449999999999,34069.15
309,C1,18.0,6420.96,10962.279999999999,11482.74,694.96,0.0,29560.94,16165.449999999999,34069.15
310,C1,18.0,6420.96,10979.08,11482.74,694.96,0.0,29577.739999999998,16165.449999999999,34069.15
311,C1,18.0,6420.96,10986.08,11482.74,694.96,0.0,29584.739999999998,16165.449999999999,34069.15
312,C1,18.0,6420.96,11066.720000000001,11482.74,694.96,0.0,29665.38,16165.449999999999,34069.15
313,C1,18.0,6420.96,11166.54,11482.74,694.96,0.0,29765.2,16165.449999999999,34069.15
314,C1,18.0,6420.96,11290.019999999999,11482.74,694.96,0.0,29888.68,16165.449999999999,34069.15
315,C1,18.0,6420.96,11440.38,11482.74,694.96,0.0,30039.04,16165.449999999999,34069.15
316,C1,18.0,6420.96,11497.08,11482.74,694.96,0.0,30095.739999999998,16165.449999999999,34069.15
317,C1,18.0,6420.96,11539.64,11482.74,694.96,0.0,30138.3,16165.449999999999,34069.15
318,C1,18.0,6420.96,11840.08,11482.74,694.96,0.0,30438.739999999998,16165.449999999999,34069.15
319,C1,18.0,6420.96,12020.4,11482.74,694.96,0.0,30619.059999999998,16165.449999999999,34069.15
320,C1,18.0,6420.96,12041.26,11482.74,694.96,0.0,30639.92,16165.449999999999,34069.15
321,C1,18.0,6420.96,12141.64,11482.74,694.96,0.0,30740.3,16165.449999999999,34069.15
322,C1,18.0,6420.96,12388.32,11482.74,694.96,0.0,30986.98,16165.449999999999,34069.15
323,C1,18.0,6420.96,12448.519999999999,11482.74,694.96,0.0,31047.18,16165.449999999999,34069.15
324,C1,18.0,6420.96,12450.199999999999,11482.74,694.96,0.0,31048.86,16165.449999999999,34069.15
325,C1,18.0,6420.96,12630.519999999999,11482.74,694.96,0.0,31229.18,16165.449999999999,34069.15
326,C1,18.0,6420.96,12757.08,11482.74,694.96,0.0,31355.739999999998,16165.449999999999,34069.15
327,C1,18.0,6420.96,14091.56,11482.74,694.96,0.0,32690.22,16165.449999999999,34069.15
328,C1,18.0,6420.96,14653.52,11482.74,694.96,0.0,33252.18,16165.449999999999,34069.15
329,C1,18.0,6420.96,14721.0,11482.74,694.96,0.0,33319.66,16165.449999999999,34069.15
330,C1,18.0,6420.96,14871.92,11482.74,694.96,0.0,33470.58,16165.449999999999,34069.15
331,C1,18.0,6420.96,15258.740000000002,11482.74,694.96,0.0,33857.4,16165.449999999999,34069.15
332,C1,18.0,6420.96,15992.899999999998,11482.74,694.96,0.0,34591.56,16165.449999999999,34069.15
333,C1,18.0,6420.96,16881.899999999998,11482.74,694.96,0.0,35480.56,16165.449999999999,34069.15
334,C1,18.0,6420.96,16900.24,11482.74,694.96,0.0,35498.9,16165.449999999999,34069.15
335,C1,18.0,6420.96,17711.539999999997,11482.74,694.96,0.0,36310.2,16165.449999999999,34069.15
336,C1,18.0,6420.96,17966.899999999998,11482.74,694.96,0.0,36565.56,16165.449999999999,34069.15
337,C1,18.0,6420.96,17994.48,11482.74,694.96,0.0,36593.14,16165.449999999999,34069.15
338,C1,18.0,6420.96,18367.16,11482.74,694.96,0.0,36965.82,16165.449999999999,34069.15
339,C1,18.0,6420.96,18371.5,11482.74,694.96,0.0,36970.159999999996,16165.449999999999,34069.15
340,C1,18.0,6420.96,18854.78,11482.74,694.96,0.0,37453.439999999995,16165.449999999999,34069.15
341,C1,18.0,6420.96,18886.14,11482.74,694.96,0.0,37484.799999999996,16165.449999999999,34069.15
342,C1,18.0,6420.96,20468.14,11482.74,694.96,0.0,39066.799999999996,16165.449999999999,34069.15
343,C1,18.0,6420.96,21028.28,11482.74,694.96,0.0,39626.939999999995,16165.449999999999,34069.15
344,C1,18.0,6420.96,21202.3,11482.74,694.96,0.0,39800.96,16165.449999999999,34069.15
345,C1,18.0,6420.96,22921.22,11482.74,694.96,0.0,41519.88,16165.449999999999,34069.15
346,C1,18.0,6420.96,23068.22,11482.74,694.96,0.0,41666.88,16165.449999999999,34069.15
347,C1,18.0,6420.96,23576.559999999998,11482.74,694.96,0.0,42175.219999999994,16165.449999999999,34069.15
348,C1,18.0,6420.96,23655.38,11482.74,694.96,0.0,42254.04,16165.449999999999,34069.15
349,C1,18.0,6420.96,24853.08,11482.74,694.96,0.0,43451.74,16165.449999999999,34069.15
350,C1,18.0,6420.96,25052.72,11482.74,694.96,0.0,43651.38,16165.449999999999,34069.15
351,C1,18.0,6420.96,27388.48,11482.74,694.96,0.0,45987.14,16165.449999999999,34069.15
352,C1,18.0,6420.96,27505.8,11482.74,694.96,0.0,46104.46,16165.449999999999,34069.15
353,C1,18.0,6420.96,27634.32,11482.74,694.96,0.0,46232.98,16165.449999999999,34069.15
354,C1,18.0,6420.96,28161.14,11482.74,694.96,0.0,46759.799999999996,16165.449999999999,34069.15
355,C1,18.0,6420.96,34259.4,11482.74,694.96,0.0,52858.060000000005,16165.449999999999,34069.15
356,C1,20.0,7151.06,9573.62,11482.74,694.96,0.0,28902.379999999997,21263.687407407404,39897.4874074074
357,C1,20.0,7151.06,11010.44,11482.74,694.96,0.0,30339.199999999997,21263.687407407404,39897.4874074074
358,C1,20.0,7151.06,11956.56,11482.74,694.96,0.0,31285.32,21263.687407407404,39897.4874074074
359,C1,20.0,7151.06,12491.36,11482.74,694.96,0.0,31820.12,21263.687407407404,39897.4874074074
360,C1,20.0,7151.06,14269.779999999999,11482.74,694.96,0.0,33598.54,21263.687407407404,39897.4874074074
361,C1,20.0,7151.06,14753.34,11482.74,694.96,0.0,34082.1,21263.687407407404,39897.4874074074
362,C1,20.0,7151.06,15003.240000000002,11482.74,694.96,0.0,34332.0,21263.687407407404,39897.4874074074
363,C1,20.0,7151.06,15176.98,11482.74,694.96,0.0,34505.74,21263.687407407404,39897.4874074074
364,C1,20.0,7151.06,15767.08,11482.74,694.96,0.0,35095.84,21263.687407407404,39897.4874074074
365,C1,20.0,7151.06,17018.26,11482.74,694.96,0.0,36347.02,21263.687407407404,39897.4874074074
366,C1,20.0,7151.06,17126.2,11482.74,694.96,0.0,36454.96,21263.687407407404,39897.4874074074
367,C1,20.0,7151.06,17698.940000000002,11482.74,694.96,0.0,37027.700000000004,21263.687407407404,39897.4874074074
368,C1,20.0,7151.06,18403.84,11482.74,694.96,0.0,37732.6,21263.687407407404,39897.4874074074
369,C1,20.0,7151.06,18443.18,11482.74,694.96,0.0,37771.939999999995,21263.687407407404,39897.4874074074
370,C1,20.0,7151.06,18754.960000000003,11482.74,694.96,0.0,38083.72,21263.687407407404,39897.4874074074
371,C1,20.0,7151.06,18887.12,11482.74,694.96,0.0,38215.88,21263.687407407404,39897.4874074074
372,C1,20.0,7151.06,22331.399999999998,11482.74,694.96,0.0,41660.159999999996,21263.687407407404,39897.4874074074
373,C1,20.0,7151.06,22921.5,11482.74,694.96,0.0,42250.26,21263.687407407404,39897.4874074074
374,C1,20.0,7151.06,23078.02,11482.74,694.96,0.0,42406.78,21263.687407407404,39897.4874074074
375,C1,20.0,7151.06,26748.960000000003,11482.74,694.96,0.0,46077.72,21263.687407407404,39897.4874074074
376,C1,20.0,7151.06,27701.38,11482.74,694.96,0.0,47030.14,21263.687407407404,39897.4874074074
377,C1,20.0,7151.06,29312.5,11482.74,694.96,0.0,48641.26,21263.687407407404,39897.4874074074
378,C1,20.0,7151.06,29564.079999999998,11482.74,694.96,0.0,48892.84,21263.687407407404,39897.4874074074
379,C1,20.0,7151.06,29857.38,11482.74,694.96,0.0,49186.14,21263.687407407404,39897.4874074074
380,C1,20.0,7151.06,31398.359999999997,11482.74,694.96,0.0,50727.119999999995,21263.687407407404,39897.4874074074
381,C1,20.0,7151.06,36021.86,11482.74,694.96,0.0,55350.62,21263.687407407404,39897.4874074074
382,C1,20.0,7151.06,48849.22,11482.74,694.96,0.0,68177.98000000001,21263.687407407404,39897.4874074074
383,C1,21.0,7698.32,13546.54,11482.74,694.96,0.0,33422.56,28398.486666666668,47579.54666666666
384,C1,21.0,7698.32,32200.420000000002,11482.74,694.96,0.0,52076.439999999995,28398.486666666668,47579.54666666666
385,C1,21.0,7698.32,39448.5,11482.74,694.96,0.0,59324.52,28398.486666666668,47579.54666666666
386,C1,22.0,8291.78,11290.86,11482.74,694.96,0.0,31760.339999999997,22255.981999999996,42030.50199999999
387,C1,22.0,8291.78,11525.64,11482.74,694.96,0.0,31995.119999999995,22255.981999999996,42030.50199999999
388,C1,22.0,8291.78,11527.46,11482.74,694.96,0.0,31996.939999999995,22255.981999999996,42030.50199999999
389,C1,22.0,8291.78,11825.66,11482.74,694.96,0.0,32295.139999999996,22255.981999999996,42030.50199999999
390,C1,22.0,8291.78,11906.300000000001,11482.74,694.96,0.0,32375.78,22255.981999999996,42030.50199999999
391,C1,22.0,8291.78,12060.44,11482.74,694.96,0.0,32529.92,22255.981999999996,42030.50199999999
392,C1,22.0,8291.78,12076.12,11482.74,694.96,0.0,32545.6,22255.981999999996,42030.50199999999
393,C1,22.0,8291.78,12113.92,11482.74,694.96,0.0,32583.399999999994,22255.981999999996,42030.50199999999
394,C1,22.0,8291.78,12420.66,11482.74,694.96,0.0,32890.14,22255.981999999996,42030.50199999999
395,C1,22.0,8291.78,14176.68,11482.74,694.96,0.0,34646.159999999996,22255.981999999996,42030.50199999999
396,C1,22.0,8291.78,15648.36,11482.74,694.96,0.0,36117.84,22255.981999999996,42030.50199999999
397,C1,22.0,8291.78,15736.42,11482.74,694.96,0.0,36205.899999999994,22255.981999999996,42030.50199999999
398,C1,22.0,8291.78,15747.34,11482.74,694.96,0.0,36216.82,22255.981999999996,42030.50199999999
399,C1,22.0,8291.78,16080.960000000001,11482.74,694.96,0.0,36550.439999999995,22255.981999999996,42030.50199999999
400,C1,22.0,8291.78,16104.759999999998,11482.74,694.96,0.0,36574.24,22255.981999999996,42030.50199999999
401,C1,22.0,8291.78,16271.220000000001,11482.74,694.96,0.0,36740.7,22255.981999999996,42030.50199999999
402,C1,22.0,8291.78,16663.36,11482.74,694.96,0.0,37132.84,22255.981999999996,42030.50199999999
403,C1,22.0,8291.78,16880.92,11482.74,694.96,0.0,37350.399999999994,22255.981999999996,42030.50199999999
404,C1,22.0,8291.78,17065.72,11482.74,694.96,0.0,37535.2,22255.981999999996,42030.50199999999
405,C1,22.0,8291.78,17112.48,11482.74,694.96,0.0,37581.96,22255.981999999996,42030.50199999999
406,C1,22.0,8291.78,17200.539999999997,11482.74,694.96,0.0,37670.02,22255.981999999996,42030.50199999999
407,C1,22.0,8291.78,17600.52,11482.74,694.96,0.0,38069.99999999999,22255.981999999996,42030.50199999999
408,C1,22.0,8291.78,17681.16,11482.74,694.96,0.0,38150.63999999999,22255.981999999996,42030.50199999999
409,C1,22.0,8291.78,17915.66,11482.74,694.96,0.0,38385.13999999999,22255.981999999996,42030.50199999999
410,C1,22.0,8291.78,18529.84,11482.74,694.96,0.0,38999.32,22255.981999999996,42030.50199999999
411,C1,22.0,8291.78,18589.34,11482.74,694.96,0.0,39058.82,22255.981999999996,42030.50199999999
412,C1,22.0,8291.78,18616.64,11482.74,694.96,0.0,39086.119999999995,22255.981999999996,42030.50199999999
413,C1,22.0,8291.78,19064.64,11482.74,694.96,0.0,39534.119999999995,22255.981999999996,42030.50199999999
414,C1,22.0,8291.78,19244.960000000003,11482.74,694.96,0.0,39714.439999999995,22255.981999999996,42030.50199999999
415,C1,22.0,8291.78,20143.76,11482.74,694.96,0.0,40613.24,22255.981999999996,42030.50199999999
416,C1,22.0,8291.78,20383.86,11482.74,694.96,0.0,40853.34,22255.981999999996,42030.50199999999
417,C1,22.0,8291.78,20386.100000000002,11482.74,694.96,0.0,40855.579999999994,22255.981999999996,42030.50199999999
418,C1,22.0,8291.78,20731.76,11482.74,694.96,0.0,41201.24,22255.981999999996,42030.50199999999
419,C1,22.0,8291.78,21027.86,11482.74,694.96,0.0,41497.34,22255.981999999996,42030.50199999999
420,C1,22.0,8291.78,24334.38,11482.74,694.96,0.0,44803.85999999999,22255.981999999996,42030.50199999999
421,C1,22.0,8291.78,24964.38,11482.74,694.96,0.0,45433.85999999999,22255.981999999996,42030.50199999999
422,C1,22.0,8291.78,26457.48,11482.74,694.96,0.0,46926.96,22255.981999999996,42030.50199999999
423,C1,22.0,8291.78,28367.78,11482.74,694.96,0.0,48837.259999999995,22255.981999999996,42030.50199999999
424,C1,22.0,8291.78,28536.059999999998,11482.74,694.96,0.0,49005.53999999999,22255.981999999996,42030.50199999999
425,C1,22.0,8291.78,31081.68,11482.74,694.96,0.0,51551.159999999996,22255.981999999996,42030.50199999999
426,C1,22.0,8291.78,33159.420000000006,11482.74,694.96,0.0,53628.9,22255.981999999996,42030.50199999999
427,C1,22.0,8291.78,33483.94,11482.74,694.96,0.0,53953.42,22255.981999999996,42030.50199999999
428,C1,22.0,8291.78,34733.579999999994,11482.74,694.96,0.0,55203.05999999999,22255.981999999996,42030.50199999999
429,C1,22.0,8291.78,36103.619999999995,11482.74,694.96,0.0,56573.09999999999,22255.981999999996,42030.50199999999
430,C1,22.0,8291.78,36734.880000000005,11482.74,694.96,0.0,57204.36,22255.981999999996,42030.50199999999
431,C1,22.0,8291.78,39357.64,11482.74,694.96,0.0,59827.119999999995,22255.981999999996,42030.50199999999
432,C1,22.0,8291.78,41097.28,11482.74,694.96,0.0,61566.759999999995,22255.981999999996,42030.50199999999
433,C1,22.0,8291.78,42114.66,11482.74,694.96,0.0,62584.14,22255.981999999996,42030.50199999999
434,C1,22.0,8291.78,48735.68,11482.74,694.96,0.0,69205.16,22255.981999999996,42030.50199999999
435,C1,22.0,8291.78,52184.72,11482.74,694.96,0.0,72654.2,22255.981999999996,42030.50199999999
436,C2,14.0,4960.9,8936.9,9733.119999999999,694.96,0.0,24325.879999999997,10366.293000000001,25060.313000000002
437,C2,14.0,4960.9,8940.4,9733.119999999999,694.96,0.0,24329.379999999997,10366.293000000001,25060.313000000002
438,C2,14.0,4960.9,9358.16,9733.119999999999,694.96,0.0,24747.14,10366.293000000001,25060.313000000002
439,C2,14.0,4960.9,9471.699999999999,9733.119999999999,694.96,0.0,24860.68,10366.293000000001,25060.313000000002
440,C2,14.0,4960.9,9475.199999999999,9733.119999999999,694.96,0.0,24864.18,10366.293000000001,25060.313000000002
441,C2,14.0,4960.9,9530.5,9733.119999999999,694.96,0.0,24919.48,10366.293000000001,25060.313000000002
442,C2,14.0,4960.9,9555.84,9733.119999999999,694.96,0.0,24944.82,10366.293000000001,25060.313000000002
443,C2,14.0,4960.9,10090.64,9733.119999999999,694.96,0.0,25479.62,10366.293000000001,25060.313000000002
444,C2,14.0,4960.9,10384.92,9733.119999999999,694.96,0.0,25773.9,10366.293000000001,25060.313000000002
445,C2,14.0,4960.9,10615.220000000001,9733.119999999999,694.96,0.0,26004.2,10366.293000000001,25060.313000000002
446,C2,14.0,4960.9,10939.32,9733.119999999999,694.96,0.0,26328.3,10366.293000000001,25060.313000000002
447,C2,14.0,4960.9,11528.44,9733.119999999999,694.96,0.0,26917.42,10366.293000000001,25060.313000000002
448,C2,14.0,4960.9,11702.04,9733.119999999999,694.96,0.0,27091.02,10366.293000000001,25060.313000000002
449,C2,14.0,4960.9,12896.800000000001,9733.119999999999,694.96,0.0,28285.78,10366.293000000001,25060.313000000002
450,C2,14.0,4960.9,13472.9,9733.119999999999,694.96,0.0,28861.879999999997,10366.293000000001,25060.313000000002
451,C2,14.0,4960.9,9663.779999999999,9733.119999999999,694.96,0.0,25417.319999999996,10366.293000000001,25060.313000000002
452,C2,14.0,4960.9,9900.38,9733.119999999999,694.96,0.0,25653.92,10366.293000000001,25060.313000000002
453,C2,14.0,4960.9,10198.58,9733.119999999999,694.96,0.0,25952.119999999995,10366.293000000001,25060.313000000002
454,C2,14.0,4960.9,10279.220000000001,9733.119999999999,694.96,0.0,26032.76,10366.293000000001,25060.313000000002
455,C2,14.0,4960.9,10384.92,9733.119999999999,694.96,0.0,26138.46,10366.293000000001,25060.313000000002
456,C2,16.0,5691.28,8969.519999999999,9733.119999999999,694.96,0.0,25088.879999999997,12391.786567164178,27816.186567164175
457,C2,16.0,5691.28,8972.74,9733.119999999999,694.96,0.0,25092.1,12391.786567164178,27816.186567164175
458,C2,16.0,5691.28,9504.18,9733.119999999999,694.96,0.0,25623.539999999997,12391.786567164178,27816.186567164175
459,C2,16.0,5691.28,9504.32,9733.119999999999,694.96,0.0,25623.679999999997,12391.786567164178,27816.186567164175
460,C2,16.0,5691.28,9507.54,9733.119999999999,694.96,0.0,25626.899999999998,12391.786567164178,27816.186567164175
461,C2,16.0,5691.28,9508.519999999999,9733.119999999999,694.96,0.0,25627.879999999997,12391.786567164178,27816.186567164175
462,C2,16.0,5691.28,9648.94,9733.119999999999,694.96,0.0,25768.299999999996,12391.786567164178,27816.186567164175
463,C2,16.0,5691.28,9674.980000000001,9733.119999999999,694.96,0.0,25794.339999999997,12391.786567164178,27816.186567164175
464,C2,16.0,5691.28,9680.16,9733.119999999999,694.96,0.0,25799.519999999997,12391.786567164178,27816.186567164175
465,C2,16.0,5691.28,9687.58,9733.119999999999,694.96,0.0,25806.939999999995,12391.786567164178,27816.186567164175
466,C2,16.0,5691.28,9740.779999999999,9733.119999999999,694.96,0.0,25860.139999999996,12391.786567164178,27816.186567164175
467,C2,16.0,5691.28,9824.779999999999,9733.119999999999,694.96,0.0,25944.139999999996,12391.786567164178,27816.186567164175
468,C2,16.0,5691.28,9848.720000000001,9733.119999999999,694.96,0.0,25968.079999999998,12391.786567164178,27816.186567164175
469,C2,16.0,5691.28,9866.08,9733.119999999999,694.96,0.0,25985.439999999995,12391.786567164178,27816.186567164175
470,C2,16.0,5691.28,9932.300000000001,9733.119999999999,694.96,0.0,26051.659999999996,12391.786567164178,27816.186567164175
471,C2,16.0,5691.28,10043.32,9733.119999999999,694.96,0.0,26162.679999999997,12391.786567164178,27816.186567164175
472,C2,16.0,5691.28,10094.279999999999,9733.119999999999,694.96,0.0,26213.639999999996,12391.786567164178,27816.186567164175
473,C2,16.0,5691.28,10119.62,9733.119999999999,694.96,0.0,26238.979999999996,12391.786567164178,27816.186567164175
474,C2,16.0,5691.28,10123.96,9733.119999999999,694.96,0.0,26243.319999999996,12391.786567164178,27816.186567164175
475,C2,16.0,5691.28,10214.96,9733.119999999999,694.96,0.0,26334.319999999996,12391.786567164178,27816.186567164175
476,C2,16.0,5691.28,10294.199999999999,9733.119999999999,694.96,0.0,26413.559999999998,12391.786567164178,27816.186567164175
477,C2,16.0,5691.28,10295.6,9733.119999999999,694.96,0.0,26414.96,12391.786567164178,27816.186567164175
478,C2,16.0,5691.28,10384.92,9733.119999999999,694.96,0.0,26504.28,12391.786567164178,27816.186567164175
479,C2,16.0,5691.28,10446.800000000001,9733.119999999999,694.96,0.0,26566.159999999996,12391.786567164178,27816.186567164175
480,C2,16.0,5691.28,10658.76,9733.119999999999,694.96,0.0,26778.119999999995,12391.786567164178,27816.186567164175
481,C2,16.0,5691.28,10747.94,9733.119999999999,694.96,0.0,26867.299999999996,12391.786567164178,27816.186567164175
482,C2,16.0,5691.28,10751.019999999999,9733.119999999999,694.96,0.0,26870.379999999997,12391.786567164178,27816.186567164175
483,C2,16.0,5691.28,10829.279999999999,9733.119999999999,694.96,0.0,26948.639999999996,12391.786567164178,27816.186567164175
484,C2,16.0,5691.28,10968.16,9733.119999999999,694.96,0.0,27087.519999999997,12391.786567164178,27816.186567164175
485,C2,16.0,5691.28,10968.300000000001,9733.119999999999,694.96,0.0,27087.659999999996,12391.786567164178,27816.186567164175
486,C2,16.0,5691.28,11056.92,9733.119999999999,694.96,0.0,27176.28,12391.786567164178,27816.186567164175
487,C2,16.0,5691.28,11251.24,9733.119999999999,694.96,0.0,27370.6,12391.786567164178,27816.186567164175
488,C2,16.0,5691.28,11282.6,9733.119999999999,694.96,0.0,27401.96,12391.786567164178,27816.186567164175
489,C2,16.0,5691.28,11282.74,9733.119999999999,694.96,0.0,27402.1,12391.786567164178,27816.186567164175
490,C2,16.0,5691.28,11439.68,9733.119999999999,694.96,0.0,27559.039999999997,12391.786567164178,27816.186567164175
491,C2,16.0,5691.28,11481.4,9733.119999999999,694.96,0.0,27600.759999999995,12391.786567164178,27816.186567164175
492,C2,16.0,5691.28,11666.62,9733.119999999999,694.96,0.0,27785.979999999996,12391.786567164178,27816.186567164175
493,C2,16.0,5691.28,11674.46,9733.119999999999,694.96,0.0,27793.819999999996,12391.786567164178,27816.186567164175
494,C2,16.0,5691.28,11687.76,9733.119999999999,694.96,0.0,27807.119999999995,12391.786567164178,27816.186567164175
495,C2,16.0,5691.28,11850.44,9733.119999999999,694.96,0.0,27969.799999999996,12391.786567164178,27816.186567164175
496,C2,16.0,5691.28,11857.86,9733.119999999999,694.96,0.0,27977.219999999998,12391.786567164178,27816.186567164175
497,C2,16.0,5691.28,12015.779999999999,9733.119999999999,694.96,0.0,28135.139999999996,12391.786567164178,27816.186567164175
498,C2,16.0,5691.28,12016.06,9733.119999999999,694.96,0.0,28135.42,12391.786567164178,27816.186567164175
499,C2,16.0,5691.28,12196.94,9733.119999999999,694.96,0.0,28316.299999999996,12391.786567164178,27816.186567164175
500,C2,16.0,5691.28,12239.08,9733.119999999999,694.96,0.0,28358.439999999995,12391.786567164178,27816.186567164175
501,C2,16.0,5691.28,12252.66,9733.119999999999,694.96,0.0,28372.019999999997,12391.786567164178,27816.186567164175
502,C2,16.0,5691.28,12277.019999999999,9733.119999999999,694.96,0.0,28396.379999999997,12391.786567164178,27816.186567164175
503,C2,16.0,5691.28,12282.06,9733.119999999999,694.96,0.0,28401.42,12391.786567164178,27816.186567164175
504,C2,16.0,5691.28,12360.6,9733.119999999999,694.96,0.0,28479.96,12391.786567164178,27816.186567164175
505,C2,16.0,5691.28,12444.18,9733.119999999999,694.96,0.0,28563.539999999997,12391.786567164178,27816.186567164175
506,C2,16.0,5691.28,12444.32,9733.119999999999,694.96,0.0,28563.679999999997,12391.786567164178,27816.186567164175
507,C2,16.0,5691.28,12812.38,9733.119999999999,694.96,0.0,28931.739999999998,12391.786567164178,27816.186567164175
508,C2,16.0,5691.28,12896.800000000001,9733.119999999999,694.96,0.0,29016.159999999996,12391.786567164178,27816.186567164175
509,C2,16.0,5691.28,13479.9,9733.119999999999,694.96,0.0,29599.259999999995,12391.786567164178,27816.186567164175
510,C2,16.0,5691.28,13598.480000000001,9733.119999999999,694.96,0.0,29717.839999999997,12391.786567164178,27816.186567164175
511,C2,16.0,5691.28,14213.92,9733.119999999999,694.96,0.0,30333.28,12391.786567164178,27816.186567164175
512,C2,16.0,5691.28,14240.94,9733.119999999999,694.96,0.0,30360.299999999996,12391.786567164178,27816.186567164175
513,C2,16.0,5691.28,14284.62,9733.119999999999,694.96,0.0,30403.979999999996,12391.786567164178,27816.186567164175
514,C2,16.0,5691.28,14982.100000000002,9733.119999999999,694.96,0.0,31101.46,12391.786567164178,27816.186567164175
515,C2,16.0,5691.28,15486.380000000001,9733.119999999999,694.96,0.0,31605.739999999998,12391.786567164178,27816.186567164175
516,C2,16.0,5691.28,17976.42,9733.119999999999,694.96,0.0,34095.77999999999,12391.786567164178,27816.186567164175
517,C2,16.0,5691.28,17994.48,9733.119999999999,694.96,0.0,34113.84,12391.786567164178,27816.186567164175
518,C2,16.0,5691.28,18367.16,9733.119999999999,694.96,0.0,34486.52,12391.786567164178,27816.186567164175
519,C2,16.0,5691.28,20908.86,9733.119999999999,694.96,0.0,37028.219999999994,12391.786567164178,27816.186567164175
520,C2,16.0,5691.28,23576.559999999998,9733.119999999999,694.96,0.0,39695.91999999999,12391.786567164178,27816.186567164175
521,C2,16.0,5691.28,24541.02,9733.119999999999,694.96,0.0,40660.38,12391.786567164178,27816.186567164175
522,C2,16.0,5691.28,31017.0,9733.119999999999,694.96,0.0,47136.35999999999,12391.786567164178,27816.186567164175
523,C2,17.0,6055.56,9442.44,9733.119999999999,694.96,0.0,25926.08,12593.233333333332,28381.91333333333
524,C2,17.0,6055.56,9912.84,9733.119999999999,694.96,0.0,26396.48,12593.233333333332,28381.91333333333
525,C2,17.0,6055.56,10384.92,9733.119999999999,694.96,0.0,26868.559999999998,12593.233333333332,28381.91333333333
526,C2,17.0,6055.56,10447.64,9733.119999999999,694.96,0.0,26931.28,12593.233333333332,28381.91333333333
527,C2,17.0,6055.56,10502.94,9733.119999999999,694.96,0.0,26986.58,12593.233333333332,28381.91333333333
528,C2,17.0,6055.56,13108.62,9733.119999999999,694.96,0.0,29592.260000000002,12593.233333333332,28381.91333333333
529,C2,17.0,6055.56,13143.06,9733.119999999999,694.96,0.0,29626.699999999997,12593.233333333332,28381.91333333333
530,C2,17.0,6055.56,17299.940000000002,9733.119999999999,694.96,0.0,33783.58,12593.233333333332,28381.91333333333
531,C2,17.0,6055.56,19096.7,9733.119999999999,694.96,0.0,35580.340000000004,12593.233333333332,28381.91333333333
532,C2,18.0,6420.96,9325.96,9733.119999999999,694.96,0.0,26174.999999999996,14155.069811320755,30309.149811320753
533,C2,18.0,6420.96,9540.720000000001,9733.119999999999,694.96,0.0,26389.76,14155.069811320755,30309.149811320753
534,C2,18.0,6420.96,9544.36,9733.119999999999,694.96,0.0,26393.399999999998,14155.069811320755,30309.149811320753
535,C2,18.0,6420.96,10075.519999999999,9733.119999999999,694.96,0.0,26924.559999999998,14155.069811320755,30309.149811320753
536,C2,18.0,6420.96,10079.16,9733.119999999999,694.96,0.0,26928.199999999997,14155.069811320755,30309.149811320753
537,C2,18.0,6420.96,10134.46,9733.119999999999,694.96,0.0,26983.499999999996,14155.069811320755,30309.149811320753
538,C2,18.0,6420.96,10384.92,9733.119999999999,694.96,0.0,27233.96,14155.069811320755,30309.149811320753
539,C2,18.0,6420.96,10451.279999999999,9733.119999999999,694.96,0.0,27300.319999999996,14155.069811320755,30309.149811320753
540,C2,18.0,6420.96,10483.9,9733.119999999999,694.96,0.0,27332.939999999995,14155.069811320755,30309.149811320753
541,C2,18.0,6420.96,10616.62,9733.119999999999,694.96,0.0,27465.659999999996,14155.069811320755,30309.149811320753
542,C2,18.0,6420.96,10979.08,9733.119999999999,694.96,0.0,27828.119999999995,14155.069811320755,30309.149811320753
543,C2,18.0,6420.96,10986.08,9733.119999999999,694.96,0.0,27835.119999999995,14155.069811320755,30309.149811320753
544,C2,18.0,6420.96,11066.720000000001,9733.119999999999,694.96,0.0,27915.76,14155.069811320755,30309.149811320753
545,C2,18.0,6420.96,11166.54,9733.119999999999,694.96,0.0,28015.579999999998,14155.069811320755,30309.149811320753
546,C2,18.0,6420.96,11319.14,9733.119999999999,694.96,0.0,28168.179999999997,14155.069811320755,30309.149811320753
547,C2,18.0,6420.96,11322.220000000001,9733.119999999999,694.96,0.0,28171.26,14155.069811320755,30309.149811320753
548,C2,18.0,6420.96,11539.64,9733.119999999999,694.96,0.0,28388.679999999997,14155.069811320755,30309.149811320753
549,C2,18.0,6420.96,11853.94,9733.119999999999,694.96,0.0,28702.979999999996,14155.069811320755,30309.149811320753
550,C2,18.0,6420.96,12041.26,9733.119999999999,694.96,0.0,28890.299999999996,14155.069811320755,30309.149811320753
551,C2,18.0,6420.96,12141.64,9733.119999999999,694.96,0.0,28990.679999999997,14155.069811320755,30309.149811320753
552,C2,18.0,6420.96,12262.32,9733.119999999999,694.96,0.0,29111.359999999997,14155.069811320755,30309.149811320753
553,C2,18.0,6420.96,12388.32,9733.119999999999,694.96,0.0,29237.359999999997,14155.069811320755,30309.149811320753
554,C2,18.0,6420.96,12424.16,9733.119999999999,694.96,0.0,29273.199999999997,14155.069811320755,30309.149811320753
555,C2,18.0,6420.96,12450.199999999999,9733.119999999999,694.96,0.0,29299.239999999998,14155.069811320755,30309.149811320753
556,C2,18.0,6420.96,12570.46,9733.119999999999,694.96,0.0,29419.499999999996,14155.069811320755,30309.149811320753
557,C2,18.0,6420.96,12587.4,9733.119999999999,694.96,0.0,29436.439999999995,14155.069811320755,30309.149811320753
558,C2,18.0,6420.96,12630.519999999999,9733.119999999999,694.96,0.0,29479.559999999998,14155.069811320755,30309.149811320753
559,C2,18.0,6420.96,12757.08,9733.119999999999,694.96,0.0,29606.119999999995,14155.069811320755,30309.149811320753
560,C2,18.0,6420.96,12848.36,9733.119999999999,694.96,0.0,29697.399999999998,14155.069811320755,30309.149811320753
561,C2,18.0,6420.96,13015.66,9733.119999999999,694.96,0.0,29864.699999999997,14155.069811320755,30309.149811320753
562,C2,18.0,6420.96,13160.56,9733.119999999999,694.96,0.0,30009.6,14155.069811320755,30309.149811320753
563,C2,18.0,6420.96,13181.980000000001,9733.119999999999,694.96,0.0,30031.019999999997,14155.069811320755,30309.149811320753
564,C2,18.0,6420.96,13670.720000000001,9733.119999999999,694.96,0.0,30519.76,14155.069811320755,30309.149811320753
565,C2,18.0,6420.96,13750.66,9733.119999999999,694.96,0.0,30599.699999999997,14155.069811320755,30309.149811320753
566,C2,18.0,6420.96,14091.56,9733.119999999999,694.96,0.0,30940.6,14155.069811320755,30309.149811320753
567,C2,18.0,6420.96,14365.820000000002,9733.119999999999,694.96,0.0,31214.86,14155.069811320755,30309.149811320753
568,C2,18.0,6420.96,14653.52,9733.119999999999,694.96,0.0,31502.559999999998,14155.069811320755,30309.149811320753
569,C2,18.0,6420.96,14780.220000000001,9733.119999999999,694.96,0.0,31629.26,14155.069811320755,30309.149811320753
570,C2,18.0,6420.96,14871.92,9733.119999999999,694.96,0.0,31720.96,14155.069811320755,30309.149811320753
571,C2,18.0,6420.96,15246.56,9733.119999999999,694.96,0.0,32095.6,14155.069811320755,30309.149811320753
572,C2,18.0,6420.96,15836.66,9733.119999999999,694.96,0.0,32685.699999999997,14155.069811320755,30309.149811320753
573,C2,18.0,6420.96,16881.899999999998,9733.119999999999,694.96,0.0,33730.939999999995,14155.069811320755,30309.149811320753
574,C2,18.0,6420.96,17966.899999999998,9733.119999999999,694.96,0.0,34815.939999999995,14155.069811320755,30309.149811320753
575,C2,18.0,6420.96,18367.16,9733.119999999999,694.96,0.0,35216.2,14155.069811320755,30309.149811320753
576,C2,18.0,6420.96,18886.14,9733.119999999999,694.96,0.0,35735.18,14155.069811320755,30309.149811320753
577,C2,18.0,6420.96,19681.34,9733.119999999999,694.96,0.0,36530.38,14155.069811320755,30309.149811320753
578,C2,18.0,6420.96,20271.440000000002,9733.119999999999,694.96,0.0,37120.48,14155.069811320755,30309.149811320753
579,C2,18.0,6420.96,21028.28,9733.119999999999,694.96,0.0,37877.32,14155.069811320755,30309.149811320753
580,C2,18.0,6420.96,22357.440000000002,9733.119999999999,694.96,0.0,39206.48,14155.069811320755,30309.149811320753
581,C2,18.0,6420.96,23068.22,9733.119999999999,694.96,0.0,39917.26,14155.069811320755,30309.149811320753
582,C2,18.0,6420.96,23078.02,9733.119999999999,694.96,0.0,39927.06,14155.069811320755,30309.149811320753
583,C2,18.0,6420.96,23576.559999999998,9733.119999999999,694.96,0.0,40425.6,14155.069811320755,30309.149811320753
584,C2,18.0,6420.96,26457.48,9733.119999999999,694.96,0.0,43306.52,14155.069811320755,30309.149811320753
585,E,13.0,4595.36,8354.08,8919.96,694.96,574.56,23138.920000000002,11667.039999999999,25182.36
586,E,13.0,4595.36,8888.88,8919.96,694.96,596.96,23696.119999999995,11667.039999999999,25182.36
587,E,13.0,4595.36,8944.18,8919.96,694.96,599.34,23753.8,11667.039999999999,25182.36
588,E,13.0,4595.36,8964.34,8919.96,694.96,600.18,23774.8,11667.039999999999,25182.36
589,E,13.0,4595.36,9033.5,8919.96,694.96,603.12,23846.899999999998,11667.039999999999,25182.36
590,E,13.0,4595.36,9125.480000000001,8919.96,694.96,607.04,23942.800000000003,11667.039999999999,25182.36
591,E,13.0,4595.36,9233.42,8919.96,694.96,611.52,24055.219999999998,11667.039999999999,25182.36
592,E,13.0,4595.36,9317.14,8919.96,694.96,615.02,24142.44,11667.039999999999,25182.36
593,E,13.0,4595.36,9434.32,8919.96,694.96,619.9200000000001,24264.519999999997,11667.039999999999,25182.36
594,E,13.0,4595.36,9469.46,8919.96,694.96,621.46,24301.199999999997,11667.039999999999,25182.36
595,E,13.0,4595.36,9478.980000000001,8919.96,694.96,621.88,24311.140000000003,11667.039999999999,25182.36
596,E,13.0,4595.36,9534.279999999999,8919.96,694.96,624.26,24368.819999999996,11667.039999999999,25182.36
597,E,13.0,4595.36,9831.64,8919.96,694.96,636.7199999999999,24678.64,11667.039999999999,25182.36
598,E,13.0,4595.36,9969.12,8919.96,694.96,642.46,24821.86,11667.039999999999,25182.36
599,E,13.0,4595.36,10003.699999999999,8919.96,694.96,644.0,24857.979999999996,11667.039999999999,25182.36
600,E,13.0,4595.36,10027.08,8919.96,694.96,644.98,24882.34,11667.039999999999,25182.36
601,E,13.0,4595.36,10289.58,8919.96,694.96,656.04,25155.9,11667.039999999999,25182.36
602,E,13.0,4595.36,10501.96,8919.96,694.96,665.0,25377.239999999998,11667.039999999999,25182.36
603,E,13.0,4595.36,10667.300000000001,8919.96,694.96,671.86,25549.440000000002,11667.039999999999,25182.36
604,E,13.0,4595.36,10668.14,8919.96,694.96,672.0,25550.42,11667.039999999999,25182.36
605,E,13.0,4595.36,10824.38,8919.96,694.96,678.5799999999999,25713.239999999998,11667.039999999999,25182.36
606,E,13.0,4595.36,11046.14,8919.96,694.96,687.82,25944.239999999998,11667.039999999999,25182.36
607,E,13.0,4595.36,11059.16,8919.96,694.96,688.38,25957.82,11667.039999999999,25182.36
608,E,13.0,4595.36,11258.24,8919.96,694.96,696.7800000000001,26165.299999999996,11667.039999999999,25182.36
609,E,13.0,4595.36,11400.76,8919.96,694.96,702.8000000000001,26313.84,11667.039999999999,25182.36
610,E,13.0,4595.36,11620.279999999999,8919.96,694.96,712.04,26542.6,11667.039999999999,25182.36
611,E,13.0,4595.36,11637.36,8919.96,694.96,712.74,26560.38,11667.039999999999,25182.36
612,E,13.0,4595.36,11661.58,8919.96,694.96,713.7199999999999,26585.58,11667.039999999999,25182.36
613,E,13.0,4595.36,11745.300000000001,8919.96,694.96,717.2199999999999,26672.800000000003,11667.039999999999,25182.36
614,E,13.0,4595.36,11829.019999999999,8919.96,694.96,720.86,26760.159999999996,11667.039999999999,25182.36
615,E,13.0,4595.36,11848.34,8919.96,694.96,721.56,26780.18,11667.039999999999,25182.36
616,E,13.0,4595.36,12188.26,8919.96,694.96,735.98,27134.52,11667.039999999999,25182.36
617,E,13.0,4595.36,12967.08,8919.96,694.96,768.74,27946.100000000002,11667.039999999999,25182.36
618,E,13.0,4595.36,13625.779999999999,8919.96,694.96,796.46,28632.519999999997,11667.039999999999,25182.36
619,E,13.0,4595.36,15181.600000000002,8919.96,694.96,861.98,30253.86,11667.039999999999,25182.36
620,E,13.0,4595.36,16608.48,8919.96,694.96,922.04,31740.8,11667.039999999999,25182.36
621,E,13.0,4595.36,17221.399999999998,8919.96,694.96,947.8000000000001,32379.479999999996,11667.039999999999,25182.36
622,E,13.0,4595.36,18124.26,8919.96,694.96,985.88,33320.42,11667.039999999999,25182.36
623,E,13.0,4595.36,21242.62,8919.96,694.96,1117.2,36570.1,11667.039999999999,25182.36
624,E,13.0,4595.36,21854.98,8919.96,694.96,1142.96,37208.22,11667.039999999999,25182.36
